passportArea,weight,firstName,middleName,lastName,currentTeamId,birthDate,height,role,birthArea,wyId,foot,shortName,currentNationalTeamId
"{'name': 'Turkey', 'id': '792', 'alpha3code': 'TUR', 'alpha2code': 'TR'}",78,Harun,,Tekin,4502.0,1989-06-17,187,"{'code2': 'GK', 'code3': 'GKP', 'name': 'Goalkeeper'}","{'name': 'Turkey', 'id': '792', 'alpha3code': 'TUR', 'alpha2code': 'TR'}",32777,right,H. Tekin,4687.0
"{'name': 'Senegal', 'id': '686', 'alpha3code': 'SEN', 'alpha2code': 'SN'}",73,Malang,,Sarr,3775.0,1999-01-23,182,"{'code2': 'DF', 'code3': 'DEF', 'name': 'Defender'}","{'name': 'France', 'id': '250', 'alpha3code': 'FRA', 'alpha2code': 'FR'}",393228,left,M. Sarr,4423.0
"{'name': 'France', 'id': '250', 'alpha3code': 'FRA', 'alpha2code': 'FR'}",72,Over,,Mandanda,3772.0,1998-10-26,176,"{'code2': 'GK', 'code3': 'GKP', 'name': 'Goalkeeper'}","{'name': 'France', 'id': '250', 'alpha3code': 'FRA', 'alpha2code': 'FR'}",393230,,O. Mandanda,
"{'name': 'Senegal', 'id': '686', 'alpha3code': 'SEN', 'alpha2code': 'SN'}",82,Alfred John Momar,,N'Diaye,683.0,1990-03-06,187,"{'code2': 'MD', 'code3': 'MID', 'name': 'Midfielder'}","{'name': 'France', 'id': '250', 'alpha3code': 'FRA', 'alpha2code': 'FR'}",32793,right,A. N'Diaye,19314.0
"{'name': 'France', 'id': '250', 'alpha3code': 'FRA', 'alpha2code': 'FR'}",84,Ibrahima,,Konat\u00e9,2975.0,1999-05-25,192,"{'code2': 'DF', 'code3': 'DEF', 'name': 'Defender'}","{'name': 'France', 'id': '250', 'alpha3code': 'FRA', 'alpha2code': 'FR'}",393247,right,I. Konat\u00e9,
"{'name': 'Netherlands', 'id': '528', 'alpha3code': 'NLD', 'alpha2code': 'NL'}",83,Jasper,,Cillessen,676.0,1989-04-22,185,"{'code2': 'GK', 'code3': 'GKP', 'name': 'Goalkeeper'}","{'name': 'Netherlands', 'id': '528', 'alpha3code': 'NLD', 'alpha2code': 'NL'}",33,right,J. Cillessen,664.0
"{'name': 'Belgium', 'id': '56', 'alpha3code': 'BEL', 'alpha2code': 'BE'}",91,Toby,,Alderweireld,1624.0,1989-03-02,187,"{'code2': 'DF', 'code3': 'DEF', 'name': 'Defender'}","{'name': 'Belgium', 'id': '56', 'alpha3code': 'BEL', 'alpha2code': 'BE'}",36,right,T. Alderweireld,5629.0
"{'name': 'Belgium', 'id': '56', 'alpha3code': 'BEL', 'alpha2code': 'BE'}",88,Jan,,Vertonghen,1624.0,1987-04-24,189,"{'code2': 'DF', 'code3': 'DEF', 'name': 'Defender'}","{'name': 'Belgium', 'id': '56', 'alpha3code': 'BEL', 'alpha2code': 'BE'}",48,left,J. Vertonghen,5629.0
"{'name': 'France', 'id': '250', 'alpha3code': 'FRA', 'alpha2code': 'FR'}",74,Alexander,,Djiku,3783.0,1994-08-09,182,"{'code2': 'DF', 'code3': 'DEF', 'name': 'Defender'}","{'name': 'France', 'id': '250', 'alpha3code': 'FRA', 'alpha2code': 'FR'}",229427,right,A. Djiku,
"{'name': 'Denmark', 'id': '208', 'alpha3code': 'DNK', 'alpha2code': 'DK'}",76,Christian ,,Dannemann Eriksen,1624.0,1992-02-14,180,"{'code2': 'MD', 'code3': 'MID', 'name': 'Midfielder'}","{'name': 'Denmark', 'id': '208', 'alpha3code': 'DNK', 'alpha2code': 'DK'}",54,right,C. Eriksen,7712.0
"{'name': 'Austria', 'id': '40', 'alpha3code': 'AUT', 'alpha2code': 'AT'}",74,Marcel,,Sabitzer,2975.0,1994-03-17,177,"{'code2': 'MD', 'code3': 'MID', 'name': 'Midfielder'}","{'name': 'Austria', 'id': '40', 'alpha3code': 'AUT', 'alpha2code': 'AT'}",65596,right,M. Sabitzer,
"{'name': 'Iceland', 'id': '352', 'alpha3code': 'ISL', 'alpha2code': 'IS'}",84,Kolbeinn,,Sig\u00fe\u00f3rsson,3770.0,1990-03-14,186,"{'code2': 'FW', 'code3': 'FWD', 'name': 'Forward'}","{'name': 'Iceland', 'id': '352', 'alpha3code': 'ISL', 'alpha2code': 'IS'}",66,right,K. Sig\u00fe\u00f3rsson,
"{'name': 'France', 'id': '250', 'alpha3code': 'FRA', 'alpha2code': 'FR'}",74,Charles,,Traor\u00e9,3795.0,1992-01-01,180,"{'code2': 'DF', 'code3': 'DEF', 'name': 'Defender'}","{'name': 'Mali', 'id': '466', 'alpha3code': 'MLI', 'alpha2code': 'ML'}",393284,left,C. Traor\u00e9,
"{'name': 'Finland', 'id': '246', 'alpha3code': 'FIN', 'alpha2code': 'FI'}",75,Niklas,,Moisander,2443.0,1985-09-29,183,"{'code2': 'DF', 'code3': 'DEF', 'name': 'Defender'}","{'name': 'Finland', 'id': '246', 'alpha3code': 'FIN', 'alpha2code': 'FI'}",77,left,N. Moisander,4849.0
"{'name': 'Cura\\u00e7ao', 'id': '531', 'alpha3code': 'CUW', 'alpha2code': 'CW'}",91,Charlison,,Benschop,2455.0,1989-08-21,191,"{'code2': 'FW', 'code3': 'FWD', 'name': 'Forward'}","{'name': 'Cura\\u00e7ao', 'id': '531', 'alpha3code': 'CUW', 'alpha2code': 'CW'}",91,right,C. Benschop,18138.0
"{'name': 'Iceland', 'id': '352', 'alpha3code': 'ISL', 'alpha2code': 'IS'}",77,Johann ,,Berg Gu\u00f0munds\u00adson,1646.0,1990-10-27,186,"{'code2': 'MD', 'code3': 'MID', 'name': 'Midfielder'}","{'name': 'Iceland', 'id': '352', 'alpha3code': 'ISL', 'alpha2code': 'IS'}",93,left,J. Gu\u00f0munds\u00adson,7839.0
"{'name': 'Poland', 'id': '616', 'alpha3code': 'POL', 'alpha2code': 'PL'}",83,Przemys\u0142aw,,Tyto\u0144,677.0,1987-01-04,194,"{'code2': 'GK', 'code3': 'GKP', 'name': 'Goalkeeper'}","{'name': 'Poland', 'id': '616', 'alpha3code': 'POL', 'alpha2code': 'PL'}",99,right,P. Tyto\u0144,
"{'name': 'Brazil', 'id': '76', 'alpha3code': 'BRA', 'alpha2code': 'BR'}",85,Marcelo Ant\u00f4nio,,Guedes Filho,3766.0,1987-05-20,191,"{'code2': 'DF', 'code3': 'DEF', 'name': 'Defender'}","{'name': 'Brazil', 'id': '76', 'alpha3code': 'BRA', 'alpha2code': 'BR'}",102,right,Marcelo,
"{'name': 'Cura\\u00e7ao', 'id': '531', 'alpha3code': 'CUW', 'alpha2code': 'CW'}",65,Jetro,,Willems,2462.0,1994-03-30,169,"{'code2': 'DF', 'code3': 'DEF', 'name': 'Defender'}","{'name': 'Netherlands', 'id': '528', 'alpha3code': 'NLD', 'alpha2code': 'NL'}",110,left,J. Willems,